,incident zip,closed month,response time
0,10000,2020-01-01,25.75
1,10000,2020-02-01,64.375
2,10000,2020-03-01,116.2
3,10000,2020-04-01,1.0
4,10001,2020-01-01,43.047872340425535
5,10001,2020-02-01,49.901116427432214
6,10001,2020-03-01,103.99560761346999
7,10001,2020-04-01,1122.5820895522388
8,10001,2020-05-01,2171.159090909091
9,10001,2020-06-01,2414.464285714286
10,10001,2020-07-01,1804.5
11,10001,2020-08-01,17.0
12,10001,2020-09-01,3616.6666666666665
13,10002,2020-01-01,39.3227969348659
14,10002,2020-02-01,66.0
15,10002,2020-03-01,74.22304832713755
16,10002,2020-04-01,852.9803921568628
17,10002,2020-05-01,2176.128205128205
18,10002,2020-06-01,2396.6341463414633
19,10002,2020-07-01,2149.5
20,10002,2020-08-01,56.75
21,10003,2020-01-01,39.99057591623037
22,10003,2020-02-01,64.60292326431181
23,10003,2020-03-01,85.73242630385488
24,10003,2020-04-01,911.4177215189874
25,10003,2020-05-01,2284.2093023255816
26,10003,2020-06-01,2155.6444444444446
27,10003,2020-07-01,2771.8571428571427
28,10003,2020-08-01,55.333333333333336
29,10003,2020-09-01,4114.0
30,10004,2020-01-01,21.31512605042017
31,10004,2020-02-01,40.413953488372094
32,10004,2020-03-01,147.71134020618555
33,10004,2020-04-01,723.0
34,10004,2020-05-01,1764.3333333333333
35,10004,2020-06-01,2435.5714285714284
36,10005,2020-01-01,12.944303797468354
37,10005,2020-02-01,31.95571955719557
38,10005,2020-03-01,61.45762711864407
39,10005,2020-04-01,1026.375
40,10005,2020-05-01,2342.6666666666665
41,10005,2020-06-01,2315.714285714286
42,10006,2020-01-01,21.38157894736842
43,10006,2020-02-01,32.293103448275865
44,10006,2020-03-01,80.97297297297297
45,10006,2020-04-01,840.6923076923077
46,10006,2020-05-01,2365.0
47,10006,2020-06-01,2223.0
48,10007,2020-01-01,18.647058823529413
49,10007,2020-02-01,47.72676056338028
50,10007,2020-03-01,78.55681818181819
51,10007,2020-04-01,1238.4375
52,10007,2020-05-01,2397.25
53,10007,2020-06-01,2124.6666666666665
54,10009,2020-01-01,30.94781553398058
55,10009,2020-02-01,64.2684331797235
56,10009,2020-03-01,66.6461824953445
57,10009,2020-04-01,661.4117647058823
58,10009,2020-05-01,1925.75
59,10009,2020-06-01,2326.560975609756
60,10009,2020-07-01,2738.25
61,10009,2020-08-01,3233.0
62,10010,2020-01-01,44.413513513513514
63,10010,2020-02-01,82.37047353760445
64,10010,2020-03-01,75.92606284658041
65,10010,2020-04-01,940.2413793103449
66,10010,2020-05-01,2301.15625
67,10010,2020-06-01,2473.2727272727275
68,10010,2020-07-01,1433.75
69,10010,2020-08-01,104.5
70,10010,2020-09-01,6.0
71,10011,2020-01-01,39.889518413597735
72,10011,2020-02-01,73.81184668989548
73,10011,2020-03-01,98.91094890510949
74,10011,2020-04-01,793.8059701492538
75,10011,2020-05-01,2175.6363636363635
76,10011,2020-06-01,2351.5757575757575
77,10011,2020-07-01,595.0
78,10011,2020-08-01,10.0
79,10011,2020-09-01,113.0
80,10012,2020-01-01,36.078891257995735
81,10012,2020-02-01,58.67016806722689
82,10012,2020-03-01,93.91943127962085
83,10012,2020-04-01,877.9705882352941
84,10012,2020-05-01,2195.4761904761904
85,10012,2020-06-01,2365.3333333333335
86,10012,2020-07-01,2797.3333333333335
87,10012,2020-08-01,1205.3333333333333
88,10012,2020-09-01,5461.0
89,10013,2020-01-01,46.14
90,10013,2020-02-01,58.53112840466926
91,10013,2020-03-01,104.81515711645102
92,10013,2020-04-01,755.25
93,10013,2020-05-01,2006.8
94,10013,2020-06-01,2258.9411764705883
95,10013,2020-07-01,4038.5
96,10013,2020-08-01,85.0
97,10013,2020-09-01,18.0
98,10014,2020-01-01,55.77917414721723
99,10014,2020-02-01,63.68482490272373
100,10014,2020-03-01,111.67686424474188
101,10014,2020-04-01,848.1891891891892
102,10014,2020-05-01,2362.3333333333335
103,10014,2020-06-01,2290.875
104,10014,2020-07-01,26.0
105,10014,2020-08-01,28.0
106,10014,2020-09-01,4561.0
107,10016,2020-01-01,36.995459704880815
108,10016,2020-02-01,55.325221238938056
109,10016,2020-03-01,76.85365853658537
110,10016,2020-04-01,927.86
111,10016,2020-05-01,2295.9302325581393
112,10016,2020-06-01,2331.633333333333
113,10016,2020-07-01,3264.0
114,10016,2020-08-01,1946.6
115,10017,2020-01-01,45.701107011070114
116,10017,2020-02-01,60.86813186813187
117,10017,2020-03-01,114.82488479262673
118,10017,2020-04-01,1206.48
119,10017,2020-05-01,2417.451612903226
120,10017,2020-06-01,2286.214285714286
121,10017,2020-07-01,3158.0
122,10017,2020-09-01,4667.0
123,10018,2020-01-01,37.80072463768116
124,10018,2020-02-01,49.44843049327354
125,10018,2020-03-01,143.5799086757991
126,10018,2020-04-01,862.0454545454545
127,10018,2020-05-01,2293.846153846154
128,10018,2020-06-01,2267.4545454545455
129,10018,2020-07-01,3003.5
130,10018,2020-08-01,36.0
131,10018,2020-09-01,2005.5
132,10019,2020-01-01,44.98257839721254
133,10019,2020-02-01,63.37952559300874
134,10019,2020-03-01,84.5885262116716
135,10019,2020-04-01,1006.8977272727273
136,10019,2020-05-01,2304.0666666666666
137,10019,2020-06-01,2373.5454545454545
138,10019,2020-07-01,1385.5
139,10019,2020-08-01,18.5
140,10019,2020-09-01,2842.6666666666665
141,10020,2020-01-01,50.0
142,10020,2020-02-01,89.11764705882354
143,10020,2020-03-01,36.30434782608695
144,10020,2020-05-01,2445.0
145,10020,2020-06-01,2210.0
146,10021,2020-01-01,45.24414715719063
147,10021,2020-02-01,95.41269841269842
148,10021,2020-03-01,89.01754385964912
149,10021,2020-04-01,915.1111111111111
150,10021,2020-05-01,1992.6153846153845
151,10021,2020-06-01,2245.1304347826085
152,10021,2020-07-01,13.0
153,10022,2020-01-01,39.92489270386266
154,10022,2020-02-01,80.41189931350114
155,10022,2020-03-01,97.46649484536083
156,10022,2020-04-01,1036.9272727272728
157,10022,2020-05-01,2024.0
158,10022,2020-06-01,2522.764705882353
159,10022,2020-08-01,21.5
160,10023,2020-01-01,39.351270553064275
161,10023,2020-02-01,68.65474060822898
162,10023,2020-03-01,111.45247148288973
163,10023,2020-04-01,870.448275862069
164,10023,2020-05-01,2125.2380952380954
165,10023,2020-06-01,2256.1
166,10023,2020-07-01,1342.0
167,10023,2020-08-01,0.0
168,10023,2020-09-01,12.5
169,10024,2020-01-01,41.75843454790823
170,10024,2020-02-01,72.6500754147813
171,10024,2020-03-01,101.37931034482759
172,10024,2020-04-01,763.9827586206897
173,10024,2020-05-01,2051.8947368421054
174,10024,2020-06-01,2310.4
175,10024,2020-07-01,1802.0
176,10024,2020-08-01,663.8333333333334
177,10025,2020-01-01,48.35817805383023
178,10025,2020-02-01,83.42760942760943
179,10025,2020-03-01,82.25615314494075
180,10025,2020-04-01,780.8723404255319
181,10025,2020-05-01,1736.5714285714287
182,10025,2020-06-01,2365.1486486486488
183,10025,2020-07-01,2039.6666666666667
184,10025,2020-08-01,0.0
185,10026,2020-01-01,30.539493293591654
186,10026,2020-02-01,79.59272097053726
187,10026,2020-03-01,77.48456057007125
188,10026,2020-04-01,722.8717948717949
189,10026,2020-05-01,1843.3333333333333
190,10026,2020-06-01,2282.037037037037
191,10026,2020-07-01,2611.133333333333
192,10026,2020-08-01,61.333333333333336
193,10027,2020-01-01,44.172448979591834
194,10027,2020-02-01,59.48931623931624
195,10027,2020-03-01,90.16835326586937
196,10027,2020-04-01,804.7
197,10027,2020-05-01,1651.1707317073171
198,10027,2020-06-01,2389.4848484848485
199,10027,2020-07-01,2256.266666666667
200,10027,2020-08-01,2115.25
201,10027,2020-09-01,124.0
202,10028,2020-01-01,46.46437994722955
203,10028,2020-02-01,106.48387096774194
204,10028,2020-03-01,103.56818181818181
205,10028,2020-04-01,836.3658536585366
206,10028,2020-05-01,1902.888888888889
207,10028,2020-06-01,2243.6923076923076
208,10028,2020-07-01,1879.25
209,10028,2020-08-01,44.0
210,10029,2020-01-01,36.45414364640884
211,10029,2020-02-01,69.9654054054054
212,10029,2020-03-01,63.06171648987464
213,10029,2020-04-01,686.2
214,10029,2020-05-01,2070.0
215,10029,2020-06-01,2241.2619047619046
216,10029,2020-07-01,1713.9
217,10029,2020-08-01,29.4
218,10029,2020-09-01,2329.5
219,10030,2020-01-01,49.163511187607575
220,10030,2020-02-01,61.054820415879014
221,10030,2020-03-01,80.46816479400749
222,10030,2020-04-01,445.6923076923077
223,10030,2020-05-01,1745.5
224,10030,2020-06-01,2049.0882352941176
225,10030,2020-07-01,2710.0
226,10030,2020-08-01,3035.0
227,10030,2020-09-01,4077.0
228,10031,2020-01-01,42.92579810181191
229,10031,2020-02-01,69.11487758945385
230,10031,2020-03-01,69.28414442700156
231,10031,2020-04-01,531.5102040816327
232,10031,2020-05-01,1590.7857142857142
233,10031,2020-06-01,2071.1645569620255
234,10031,2020-07-01,1837.6923076923076
235,10031,2020-08-01,21.142857142857142
236,10032,2020-01-01,34.999138673557276
237,10032,2020-02-01,71.52824858757062
238,10032,2020-03-01,67.67398536260812
239,10032,2020-04-01,496.390625
240,10032,2020-05-01,1713.8809523809523
241,10032,2020-06-01,2410.490909090909
242,10032,2020-07-01,2806.0526315789475
243,10032,2020-08-01,1080.6666666666667
244,10032,2020-09-01,2804.6666666666665
245,10033,2020-01-01,38.27238454288407
246,10033,2020-02-01,72.8774062816616
247,10033,2020-03-01,73.1304347826087
248,10033,2020-04-01,346.2125
249,10033,2020-05-01,1649.625
250,10033,2020-06-01,2423.402985074627
251,10033,2020-07-01,2150.25
252,10033,2020-08-01,73.0
253,10033,2020-09-01,3327.3333333333335
254,10034,2020-01-01,30.397628458498023
255,10034,2020-02-01,60.02491408934708
256,10034,2020-03-01,79.34469696969697
257,10034,2020-04-01,567.6769230769231
258,10034,2020-05-01,1767.0
259,10034,2020-06-01,2314.3278688524592
260,10034,2020-07-01,1939.9130434782608
261,10034,2020-08-01,71.83333333333333
262,10034,2020-09-01,4220.666666666667
263,10035,2020-01-01,44.083969465648856
264,10035,2020-02-01,82.93290043290044
265,10035,2020-03-01,85.15857605177993
266,10035,2020-04-01,591.3571428571429
267,10035,2020-05-01,1569.103448275862
268,10035,2020-06-01,2234.9375
269,10035,2020-07-01,2808.5
270,10035,2020-08-01,61.0
271,10036,2020-01-01,45.03515625
272,10036,2020-02-01,86.42567567567568
273,10036,2020-03-01,144.89808917197453
274,10036,2020-04-01,1119.2794117647059
275,10036,2020-05-01,2091.9583333333335
276,10036,2020-06-01,2314.3636363636365
277,10036,2020-07-01,2032.25
278,10036,2020-08-01,2.0
279,10036,2020-09-01,111.0
280,10037,2020-01-01,54.063604240282686
281,10037,2020-02-01,47.53389830508475
282,10037,2020-03-01,77.79381443298969
283,10037,2020-04-01,527.1176470588235
284,10037,2020-05-01,1688.2
285,10037,2020-06-01,2293.529411764706
286,10037,2020-07-01,2328.0
287,10037,2020-08-01,12.0
288,10037,2020-09-01,72.0
289,10038,2020-01-01,15.289827255278311
290,10038,2020-02-01,38.33860045146727
291,10038,2020-03-01,76.31044776119403
292,10038,2020-04-01,1230.125
293,10038,2020-05-01,2256.5
294,10038,2020-06-01,2596.3636363636365
295,10038,2020-08-01,0.0
296,10039,2020-01-01,39.90872210953347
297,10039,2020-02-01,108.77027027027027
298,10039,2020-03-01,81.78403755868544
299,10039,2020-04-01,411.3333333333333
300,10039,2020-05-01,1525.2727272727273
301,10039,2020-06-01,2289.3478260869565
302,10039,2020-07-01,2474.0
303,10039,2020-08-01,0.0
304,10040,2020-01-01,30.15894868585732
305,10040,2020-02-01,55.73626373626374
306,10040,2020-03-01,49.93452914798206
307,10040,2020-04-01,493.45238095238096
308,10040,2020-05-01,1819.3333333333333
309,10040,2020-06-01,2305.7384615384617
310,10040,2020-07-01,0.0
311,10040,2020-08-01,30.333333333333332
312,10040,2020-09-01,4349.0
313,10041,2020-01-01,0.5
314,10041,2020-03-01,24.0
315,10044,2020-01-01,46.833333333333336
316,10044,2020-02-01,35.8
317,10044,2020-03-01,132.36363636363637
318,10044,2020-06-01,1893.0
319,10045,2020-01-01,35.0
320,10045,2020-02-01,1.0
321,10045,2020-03-01,288.0
322,10055,2020-03-01,166.0
323,10065,2020-01-01,43.53496503496503
324,10065,2020-02-01,89.98316498316498
325,10065,2020-03-01,99.71764705882353
326,10065,2020-04-01,1232.04
327,10065,2020-05-01,1965.3
328,10065,2020-06-01,2277.785714285714
329,10065,2020-07-01,0.0
330,10065,2020-08-01,4436.0
331,10065,2020-09-01,1.0
332,10069,2020-01-01,54.3
333,10069,2020-02-01,115.17391304347827
334,10069,2020-03-01,113.92857142857143
335,10069,2020-04-01,829.0
336,10069,2020-06-01,2018.0
337,10075,2020-01-01,55.724137931034484
338,10075,2020-02-01,129.9875
339,10075,2020-03-01,103.46982758620689
340,10075,2020-04-01,762.6111111111111
341,10075,2020-05-01,1588.5135135135135
342,10075,2020-06-01,2055.25
343,10075,2020-08-01,120.25
344,10103,2020-01-01,0.0
345,10103,2020-02-01,32.333333333333336
346,10103,2020-03-01,0.0
347,10103,2020-04-01,1694.0
348,10105,2020-01-01,153.0
349,10105,2020-03-01,43.666666666666664
350,10105,2020-06-01,2159.0
351,10106,2020-03-01,59.833333333333336
352,10107,2020-03-01,23.085714285714285
353,10110,2020-01-01,12.0
354,10110,2020-02-01,19.0
355,10110,2020-04-01,1243.0
356,10111,2020-03-01,1.0
357,10111,2020-04-01,1413.0
358,10112,2020-02-01,0.0
359,10112,2020-03-01,816.0
360,10115,2020-03-01,171.0
361,10118,2020-01-01,122.75
362,10118,2020-02-01,68.0
363,10118,2020-03-01,42.75
364,10119,2020-01-01,125.25
365,10119,2020-02-01,23.6
366,10119,2020-03-01,40.0
367,10119,2020-04-01,1741.0
368,10120,2020-01-01,5.333333333333333
369,10120,2020-02-01,1.0
370,10120,2020-03-01,78.66666666666667
371,10121,2020-01-01,21.333333333333332
372,10121,2020-02-01,168.84
373,10121,2020-03-01,577.5555555555555
374,10121,2020-04-01,1434.857142857143
375,10121,2020-05-01,1712.5
376,10121,2020-06-01,2352.0
377,10122,2020-02-01,0.0
378,10122,2020-03-01,89.0
379,10122,2020-05-01,2302.0
380,10123,2020-01-01,6.4
381,10123,2020-02-01,2.25
382,10128,2020-01-01,50.44578313253012
383,10128,2020-02-01,100.83990147783251
384,10128,2020-03-01,94.97840172786177
385,10128,2020-04-01,643.2830188679245
386,10128,2020-05-01,1619.875
387,10128,2020-06-01,2298.0857142857144
388,10128,2020-07-01,0.0
389,10128,2020-08-01,84.0
390,10151,2020-01-01,2.0
391,10152,2020-01-01,16.0
392,10152,2020-02-01,42.0
393,10152,2020-06-01,2228.0
394,10154,2020-01-01,3.0
395,10154,2020-03-01,33.333333333333336
396,10155,2020-01-01,4.0
397,10155,2020-03-01,1.0
398,10155,2020-04-01,1520.0
399,10158,2020-03-01,24.0
400,10158,2020-04-01,1570.0
401,10162,2020-01-01,1.0
402,10162,2020-03-01,10.0
403,10165,2020-01-01,2.0
404,10165,2020-02-01,358.75
405,10166,2020-01-01,0.0
406,10168,2020-01-01,2.0
407,10168,2020-02-01,345.6666666666667
408,10168,2020-03-01,101.75
409,10168,2020-04-01,1324.0
410,10168,2020-05-01,2175.0
411,10169,2020-01-01,7.8125
412,10169,2020-02-01,1.8695652173913044
413,10169,2020-03-01,25.133333333333333
414,10169,2020-04-01,232.0
415,10169,2020-08-01,16.0
416,10170,2020-01-01,121.0
417,10170,2020-02-01,25.0
418,10171,2020-01-01,127.0
419,10171,2020-03-01,23.0
420,10172,2020-01-01,16.0
421,10172,2020-03-01,37.666666666666664
422,10173,2020-01-01,47.0
423,10174,2020-04-01,411.0
424,10176,2020-03-01,39.0
425,10176,2020-04-01,232.0
426,10177,2020-01-01,290.0
427,10177,2020-02-01,1017.0
428,10177,2020-03-01,104.0
429,10178,2020-01-01,108.33333333333333
430,10178,2020-06-01,2243.0
431,10179,2020-02-01,42.0
432,10179,2020-04-01,1348.0
433,10271,2020-02-01,0.0
434,10271,2020-03-01,15.0
435,10271,2020-04-01,1995.5
436,10271,2020-05-01,1493.5
437,10278,2020-01-01,69.33333333333333
438,10278,2020-02-01,3.6666666666666665
439,10278,2020-03-01,518.5
440,10279,2020-01-01,27.6
441,10279,2020-02-01,15.214285714285714
442,10279,2020-03-01,722.0
443,10280,2020-01-01,14.818181818181818
444,10280,2020-02-01,86.45454545454545
445,10280,2020-03-01,58.18181818181818
446,10280,2020-04-01,1570.0
447,10280,2020-05-01,2019.0
448,10280,2020-06-01,2234.0
449,10281,2020-01-01,9.666666666666666
450,10281,2020-02-01,20.25
451,10281,2020-03-01,664.5
452,10281,2020-04-01,1752.0
453,10281,2020-05-01,1248.0
454,10282,2020-01-01,21.870967741935484
455,10282,2020-02-01,57.857142857142854
456,10282,2020-03-01,45.05882352941177
457,10282,2020-04-01,1009.0
458,10301,2020-01-01,46.21212121212121
459,10301,2020-02-01,77.892797319933
460,10301,2020-03-01,65.55867768595041
461,10301,2020-04-01,680.8135593220339
462,10301,2020-05-01,1643.090909090909
463,10301,2020-06-01,2340.4615384615386
464,10301,2020-07-01,1199.5
465,10301,2020-08-01,515.8571428571429
466,10301,2020-09-01,4895.5
467,10302,2020-01-01,47.10891089108911
468,10302,2020-02-01,62.3469387755102
469,10302,2020-03-01,130.30522088353413
470,10302,2020-04-01,1017.3333333333334
471,10302,2020-05-01,1777.111111111111
472,10302,2020-06-01,2138.3333333333335
473,10302,2020-07-01,3315.0
474,10302,2020-08-01,65.0
475,10302,2020-09-01,138.5
476,10303,2020-01-01,40.72243346007605
477,10303,2020-02-01,57.63793103448276
478,10303,2020-03-01,79.69281045751634
479,10303,2020-04-01,622.75
480,10303,2020-05-01,1803.1818181818182
481,10303,2020-06-01,2648.0
482,10303,2020-07-01,2583.25
483,10303,2020-08-01,101.0
484,10304,2020-01-01,36.94847328244275
485,10304,2020-02-01,63.51176470588236
486,10304,2020-03-01,92.4265873015873
487,10304,2020-04-01,811.5925925925926
488,10304,2020-05-01,1954.578947368421
489,10304,2020-06-01,2175.529411764706
490,10304,2020-07-01,2950.0
491,10304,2020-08-01,1290.0
492,10304,2020-09-01,3719.2
493,10305,2020-01-01,35.81030444964871
494,10305,2020-02-01,59.474327628361856
495,10305,2020-03-01,75.07980049875312
496,10305,2020-04-01,561.9166666666666
497,10305,2020-05-01,2154.0
498,10305,2020-06-01,2151.1428571428573
499,10305,2020-07-01,2587.75
500,10305,2020-08-01,50.5
501,10305,2020-09-01,2416.5
502,10306,2020-01-01,43.01081081081081
503,10306,2020-02-01,51.08675799086758
504,10306,2020-03-01,69.66334991708126
505,10306,2020-04-01,963.7837837837837
506,10306,2020-05-01,1462.851851851852
507,10306,2020-06-01,1988.25
508,10306,2020-07-01,0.0
509,10306,2020-08-01,24.444444444444443
510,10307,2020-01-01,64.52173913043478
511,10307,2020-02-01,68.29787234042553
512,10307,2020-03-01,100.0
513,10307,2020-04-01,970.5714285714286
514,10307,2020-05-01,1929.25
515,10308,2020-01-01,37.888429752066116
516,10308,2020-02-01,56.05204460966543
517,10308,2020-03-01,110.0125
518,10308,2020-04-01,856.2142857142857
519,10308,2020-05-01,1658.6
520,10308,2020-06-01,2859.6
521,10309,2020-01-01,57.55725190839695
522,10309,2020-02-01,68.68073878627969
523,10309,2020-03-01,108.75213675213675
524,10309,2020-04-01,982.875
525,10309,2020-05-01,1914.888888888889
526,10309,2020-06-01,2361.625
527,10309,2020-08-01,868.25
528,10309,2020-09-01,5199.0
529,10310,2020-01-01,35.021126760563384
530,10310,2020-02-01,51.23561643835617
531,10310,2020-03-01,69.80664652567975
532,10310,2020-04-01,977.0666666666667
533,10310,2020-05-01,2557.0
534,10310,2020-06-01,2245.0
535,10310,2020-07-01,1910.5
536,10310,2020-08-01,140.0
537,10310,2020-09-01,2592.25
538,10312,2020-01-01,40.65056818181818
539,10312,2020-02-01,55.213793103448275
540,10312,2020-03-01,94.72486772486772
541,10312,2020-04-01,886.9795918367347
542,10312,2020-05-01,1651.357142857143
543,10312,2020-06-01,2835.3571428571427
544,10312,2020-08-01,1804.6666666666667
545,10314,2020-01-01,39.350467289719624
546,10314,2020-02-01,57.50119904076739
547,10314,2020-03-01,71.49836779107726
548,10314,2020-04-01,856.2131147540983
549,10314,2020-05-01,1713.4333333333334
550,10314,2020-06-01,2455.3333333333335
551,10314,2020-07-01,1873.3333333333333
552,10314,2020-08-01,40.5
553,10314,2020-09-01,424.0
554,10451,2020-01-01,42.05760368663594
555,10451,2020-02-01,61.669201520912544
556,10451,2020-03-01,70.8505467800729
557,10451,2020-04-01,592.0280373831775
558,10451,2020-05-01,1741.2666666666667
559,10451,2020-06-01,2228.016129032258
560,10451,2020-07-01,1374.0
561,10451,2020-08-01,73.0
562,10451,2020-09-01,164.5
563,10452,2020-01-01,39.47701582516955
564,10452,2020-02-01,106.08713692946058
565,10452,2020-03-01,96.89412568306011
566,10452,2020-04-01,613.7350427350427
567,10452,2020-05-01,1520.2212389380531
568,10452,2020-06-01,2343.8846153846152
569,10452,2020-07-01,1895.2
570,10452,2020-08-01,59.5
571,10452,2020-09-01,1466.3333333333333
572,10453,2020-01-01,41.6231884057971
573,10453,2020-02-01,93.77333333333333
574,10453,2020-03-01,104.21644736842106
575,10453,2020-04-01,586.4311926605504
576,10453,2020-05-01,1851.3
577,10453,2020-06-01,2234.268907563025
578,10453,2020-07-01,894.0
579,10453,2020-08-01,75.85714285714286
580,10453,2020-09-01,441.0
581,10454,2020-01-01,39.06946983546618
582,10454,2020-02-01,79.15708812260536
583,10454,2020-03-01,77.86222222222223
584,10454,2020-04-01,483.9817073170732
585,10454,2020-05-01,1672.16
586,10454,2020-06-01,2278.2702702702704
587,10454,2020-08-01,77.16666666666667
588,10454,2020-09-01,377.0
589,10455,2020-01-01,43.672333848531686
590,10455,2020-02-01,77.07679180887372
591,10455,2020-03-01,74.86590584878745
592,10455,2020-04-01,593.2950819672132
593,10455,2020-05-01,1662.04
594,10455,2020-06-01,2591.1052631578946
595,10455,2020-07-01,734.8888888888889
596,10455,2020-08-01,203.0
597,10456,2020-01-01,33.78314826910516
598,10456,2020-02-01,78.6144578313253
599,10456,2020-03-01,87.36539662710805
600,10456,2020-04-01,714.0827067669173
601,10456,2020-05-01,1757.5045045045044
602,10456,2020-06-01,2360.942857142857
603,10456,2020-07-01,1.0
604,10456,2020-08-01,149.0
605,10456,2020-09-01,144.0
606,10457,2020-01-01,49.441680486456605
607,10457,2020-02-01,69.05744680851063
608,10457,2020-03-01,79.39455445544554
609,10457,2020-04-01,608.1637931034483
610,10457,2020-05-01,1755.7357142857143
611,10457,2020-06-01,2298.358695652174
612,10457,2020-07-01,1055.3333333333333
613,10457,2020-08-01,75.5
614,10457,2020-09-01,921.1666666666666
615,10458,2020-01-01,40.257270693512304
616,10458,2020-02-01,75.36950146627566
617,10458,2020-03-01,106.32996845425868
618,10458,2020-04-01,775.9642857142857
619,10458,2020-05-01,1785.6825396825398
620,10458,2020-06-01,2270.106796116505
621,10458,2020-07-01,2156.625
622,10458,2020-08-01,136.0
623,10458,2020-09-01,3.0
624,10459,2020-01-01,35.28263795423957
625,10459,2020-02-01,93.55683690280065
626,10459,2020-03-01,91.48197115384616
627,10459,2020-04-01,710.7441860465116
628,10459,2020-05-01,1592.948275862069
629,10459,2020-06-01,2270.336956521739
630,10459,2020-07-01,1775.6666666666667
631,10459,2020-08-01,930.0
632,10460,2020-01-01,38.389830508474574
633,10460,2020-02-01,66.07135874877811
634,10460,2020-03-01,99.34032411820782
635,10460,2020-04-01,757.3690476190476
636,10460,2020-05-01,1886.8125
637,10460,2020-06-01,2343.358024691358
638,10460,2020-07-01,2001.7777777777778
639,10460,2020-08-01,66.77777777777777
640,10460,2020-09-01,288.0
641,10461,2020-01-01,38.201780415430264
642,10461,2020-02-01,75.47866205305651
643,10461,2020-03-01,107.79339723109692
644,10461,2020-04-01,714.3733333333333
645,10461,2020-05-01,1612.301886792453
646,10461,2020-06-01,2464.842105263158
647,10461,2020-07-01,3238.0
648,10461,2020-08-01,53.666666666666664
649,10461,2020-09-01,2670.5
650,10462,2020-01-01,37.80466724286949
651,10462,2020-02-01,63.54283216783217
652,10462,2020-03-01,67.81824062095731
653,10462,2020-04-01,649.4823529411765
654,10462,2020-05-01,1793.1833333333334
655,10462,2020-06-01,2391.4444444444443
656,10462,2020-07-01,1813.0
657,10462,2020-08-01,81.36363636363636
658,10462,2020-09-01,2684.0
659,10463,2020-01-01,33.93866666666667
660,10463,2020-02-01,59.631884057971014
661,10463,2020-03-01,72.429173693086
662,10463,2020-04-01,567.5487804878048
663,10463,2020-05-01,1962.1538461538462
664,10463,2020-06-01,2465.8518518518517
665,10463,2020-07-01,3450.3333333333335
666,10463,2020-08-01,29.625
667,10464,2020-01-01,26.649350649350648
668,10464,2020-02-01,42.22222222222222
669,10464,2020-03-01,112.32098765432099
670,10464,2020-04-01,742.6666666666666
671,10464,2020-05-01,2251.8
672,10464,2020-06-01,2839.0
673,10465,2020-01-01,33.59504132231405
674,10465,2020-02-01,48.45102040816327
675,10465,2020-03-01,81.17611940298508
676,10465,2020-04-01,587.9069767441861
677,10465,2020-05-01,1968.7894736842106
678,10465,2020-06-01,2764.0
679,10465,2020-07-01,0.0
680,10465,2020-09-01,629.0
681,10466,2020-01-01,50.08522114347357
682,10466,2020-02-01,98.13796384395813
683,10466,2020-03-01,84.486646884273
684,10466,2020-04-01,530.7543859649123
685,10466,2020-05-01,1653.88
686,10466,2020-06-01,2104.078125
687,10466,2020-07-01,2284.5555555555557
688,10466,2020-08-01,487.3
689,10466,2020-09-01,44.1
690,10467,2020-01-01,43.31782065834279
691,10467,2020-02-01,97.9605734767025
692,10467,2020-03-01,142.28223495702005
693,10467,2020-04-01,689.939393939394
694,10467,2020-05-01,1873.9745762711864
695,10467,2020-06-01,2356.794117647059
696,10467,2020-07-01,2422.576923076923
697,10467,2020-08-01,102.22222222222223
698,10467,2020-09-01,157.4
699,10468,2020-01-01,43.584
700,10468,2020-02-01,62.095340501792116
701,10468,2020-03-01,102.39695945945945
702,10468,2020-04-01,573.6754966887418
703,10468,2020-05-01,1692.3411764705882
704,10468,2020-06-01,2399.1702127659573
705,10468,2020-07-01,2015.6666666666667
706,10468,2020-08-01,94.18181818181819
707,10468,2020-09-01,1221.0
708,10469,2020-01-01,36.41656516443362
709,10469,2020-02-01,70.84534731323723
710,10469,2020-03-01,86.11026615969581
711,10469,2020-04-01,1023.9787234042553
712,10469,2020-05-01,1855.0454545454545
713,10469,2020-06-01,2611.846153846154
714,10469,2020-07-01,1394.2
715,10469,2020-08-01,1076.0
716,10469,2020-09-01,676.3333333333334
717,10470,2020-01-01,58.07725321888412
718,10470,2020-02-01,104.33225806451613
719,10470,2020-03-01,95.75111111111111
720,10470,2020-04-01,516.12
721,10470,2020-05-01,1804.0588235294117
722,10470,2020-06-01,2151.35
723,10470,2020-08-01,64.66666666666667
724,10470,2020-09-01,118.5
725,10471,2020-01-01,21.808962264150942
726,10471,2020-02-01,55.89403973509934
727,10471,2020-03-01,80.7703081232493
728,10471,2020-04-01,646.8235294117648
729,10471,2020-05-01,1659.3
730,10471,2020-06-01,1871.0
731,10472,2020-01-01,32.097050428163655
732,10472,2020-02-01,64.75766567754698
733,10472,2020-03-01,85.93447037701975
734,10472,2020-04-01,813.9896907216495
735,10472,2020-05-01,1651.3548387096773
736,10472,2020-06-01,2275.7936507936506
737,10472,2020-07-01,1572.5714285714287
738,10472,2020-08-01,1.0
739,10473,2020-01-01,34.11522633744856
740,10473,2020-02-01,57.69861111111111
741,10473,2020-03-01,66.21164021164022
742,10473,2020-04-01,566.3409090909091
743,10473,2020-05-01,1903.4
744,10473,2020-06-01,2537.0
745,10473,2020-07-01,1402.625
746,10473,2020-08-01,100.5
747,10473,2020-09-01,13.0
748,10474,2020-01-01,42.93886462882096
749,10474,2020-02-01,93.16923076923077
750,10474,2020-03-01,109.76282051282051
751,10474,2020-04-01,901.6764705882352
752,10474,2020-05-01,1917.15
753,10474,2020-06-01,2329.1481481481483
754,10474,2020-07-01,2653.8
755,10475,2020-01-01,47.904761904761905
756,10475,2020-02-01,76.23857868020305
757,10475,2020-03-01,70.65865384615384
758,10475,2020-04-01,803.4444444444445
759,10475,2020-05-01,1734.9
760,10475,2020-06-01,2340.0
761,10475,2020-07-01,2759.0
762,10475,2020-08-01,17.0
763,10475,2020-09-01,41.0
764,11001,2020-01-01,56.116279069767444
765,11001,2020-02-01,46.62162162162162
766,11001,2020-03-01,72.73170731707317
767,11001,2020-05-01,2479.0
768,11004,2020-01-01,48.76119402985075
769,11004,2020-02-01,77.49462365591398
770,11004,2020-03-01,185.16504854368932
771,11004,2020-04-01,970.75
772,11004,2020-05-01,2506.866666666667
773,11004,2020-06-01,3267.0
774,11004,2020-07-01,0.0
775,11004,2020-08-01,2229.0
776,11004,2020-09-01,169.0
777,11005,2020-01-01,37.5
778,11005,2020-03-01,9.0
779,11040,2020-01-01,44.22222222222222
780,11040,2020-02-01,29.791666666666668
781,11040,2020-03-01,110.16666666666667
782,11040,2020-04-01,745.8
783,11040,2020-05-01,2684.0
784,11040,2020-06-01,3285.0
785,11101,2020-01-01,34.938924339106656
786,11101,2020-02-01,46.87341772151899
787,11101,2020-03-01,62.56772673733804
788,11101,2020-04-01,781.0185185185185
789,11101,2020-05-01,2217.793103448276
790,11101,2020-06-01,2179.3125
791,11101,2020-07-01,2397.0
792,11101,2020-08-01,4299.0
793,11101,2020-09-01,10.0
794,11102,2020-01-01,33.62096774193548
795,11102,2020-02-01,44.71311475409836
796,11102,2020-03-01,81.55809523809523
797,11102,2020-04-01,476.32758620689657
798,11102,2020-05-01,2055.714285714286
799,11102,2020-06-01,2533.6666666666665
800,11102,2020-07-01,3294.0
801,11102,2020-08-01,164.66666666666666
802,11102,2020-09-01,3912.0
803,11103,2020-01-01,26.08910891089109
804,11103,2020-02-01,62.03215926493109
805,11103,2020-03-01,54.4784
806,11103,2020-04-01,596.6111111111111
807,11103,2020-05-01,2185.875
808,11103,2020-06-01,2216.1
809,11103,2020-07-01,2719.75
810,11104,2020-01-01,43.77218225419664
811,11104,2020-02-01,83.15602836879432
812,11104,2020-03-01,103.29411764705883
813,11104,2020-04-01,597.2
814,11104,2020-05-01,2072.4545454545455
815,11104,2020-06-01,1868.5
816,11104,2020-07-01,1237.0
817,11104,2020-08-01,0.0
818,11104,2020-09-01,28.0
819,11105,2020-01-01,37.70636550308008
820,11105,2020-02-01,54.70634920634921
821,11105,2020-03-01,53.560846560846564
822,11105,2020-04-01,871.4651162790698
823,11105,2020-05-01,2188.9615384615386
824,11105,2020-06-01,2085.8
825,11105,2020-07-01,0.0
826,11106,2020-01-01,35.98640776699029
827,11106,2020-02-01,53.745019920318725
828,11106,2020-03-01,71.56363636363636
829,11106,2020-04-01,570.047619047619
830,11106,2020-05-01,2051.190476190476
831,11106,2020-06-01,2288.125
832,11106,2020-07-01,1376.0
833,11106,2020-08-01,1056.6
834,11109,2020-01-01,28.285714285714285
835,11109,2020-02-01,91.0
836,11109,2020-03-01,81.36363636363636
837,11109,2020-04-01,844.0
838,11109,2020-06-01,2084.0
839,11109,2020-09-01,109.0
840,11201,2020-01-01,32.693078324225866
841,11201,2020-02-01,50.87267080745342
842,11201,2020-03-01,62.06425702811245
843,11201,2020-04-01,807.2792792792793
844,11201,2020-05-01,2033.2142857142858
845,11201,2020-06-01,2326.5714285714284
846,11201,2020-08-01,1.0
847,11201,2020-09-01,19.0
848,11203,2020-01-01,53.35089369708373
849,11203,2020-02-01,77.87568157033806
850,11203,2020-03-01,91.80195121951219
851,11203,2020-04-01,571.0958904109589
852,11203,2020-05-01,1690.5862068965516
853,11203,2020-06-01,2353.7368421052633
854,11203,2020-07-01,807.0
855,11203,2020-08-01,932.4666666666667
856,11203,2020-09-01,5220.0
857,11204,2020-01-01,31.409613375130615
858,11204,2020-02-01,50.4549356223176
859,11204,2020-03-01,79.0497461928934
860,11204,2020-04-01,839.2857142857143
861,11204,2020-05-01,1921.3333333333333
862,11204,2020-06-01,2337.5454545454545
863,11204,2020-07-01,24.0
864,11204,2020-08-01,1491.5555555555557
865,11204,2020-09-01,4854.666666666667
866,11205,2020-01-01,33.175787728026535
867,11205,2020-02-01,68.70842824601367
868,11205,2020-03-01,81.46019417475728
869,11205,2020-04-01,525.6086956521739
870,11205,2020-05-01,2135.315789473684
871,11205,2020-06-01,2018.4736842105262
872,11205,2020-07-01,743.3333333333334
873,11205,2020-08-01,197.16666666666666
874,11205,2020-09-01,4179.0
875,11206,2020-01-01,35.41818181818182
876,11206,2020-02-01,76.02443792766374
877,11206,2020-03-01,99.37716894977169
878,11206,2020-04-01,844.1170212765958
879,11206,2020-05-01,1801.2
880,11206,2020-06-01,2200.633333333333
881,11206,2020-07-01,3247.0
882,11206,2020-08-01,905.5
883,11206,2020-09-01,1518.0
884,11207,2020-01-01,40.45029239766082
885,11207,2020-02-01,69.49707602339181
886,11207,2020-03-01,87.14056224899599
887,11207,2020-04-01,682.1485148514852
888,11207,2020-05-01,1841.4848484848485
889,11207,2020-06-01,2220.5
890,11207,2020-07-01,2453.176470588235
891,11207,2020-08-01,876.2
892,11207,2020-09-01,2439.25
893,11208,2020-01-01,41.12799263351749
894,11208,2020-02-01,71.20817490494296
895,11208,2020-03-01,68.93490642799024
896,11208,2020-04-01,748.1954022988506
897,11208,2020-05-01,2011.6153846153845
898,11208,2020-06-01,2107.0810810810813
899,11208,2020-07-01,2693.4285714285716
900,11208,2020-08-01,1748.3636363636363
901,11208,2020-09-01,3096.0
902,11209,2020-01-01,34.17180616740088
903,11209,2020-02-01,53.1659886086249
904,11209,2020-03-01,73.36424394319131
905,11209,2020-04-01,496.1142857142857
906,11209,2020-05-01,1804.2083333333333
907,11209,2020-06-01,2258.6666666666665
908,11209,2020-07-01,2748.25
909,11209,2020-08-01,42.666666666666664
910,11209,2020-09-01,2085.4
911,11210,2020-01-01,57.97713598074609
912,11210,2020-02-01,96.12848484848485
913,11210,2020-03-01,82.38933951332561
914,11210,2020-04-01,680.5283018867924
915,11210,2020-05-01,1837.92
916,11210,2020-06-01,1847.5172413793102
917,11210,2020-07-01,2028.375
918,11210,2020-08-01,754.1666666666666
919,11210,2020-09-01,611.0
920,11211,2020-01-01,46.44519230769231
921,11211,2020-02-01,58.89808274470232
922,11211,2020-03-01,75.89406392694065
923,11211,2020-04-01,787.3333333333334
924,11211,2020-05-01,1849.4473684210527
925,11211,2020-06-01,2151.1111111111113
926,11211,2020-07-01,2601.222222222222
927,11211,2020-08-01,1077.0
928,11211,2020-09-01,4856.0
929,11212,2020-01-01,43.76294995610184
930,11212,2020-02-01,67.47064881565396
931,11212,2020-03-01,87.15397775876818
932,11212,2020-04-01,677.506329113924
933,11212,2020-05-01,1742.15
934,11212,2020-06-01,1990.547619047619
935,11212,2020-07-01,2329.285714285714
936,11212,2020-08-01,638.0
937,11212,2020-09-01,5254.75
938,11213,2020-01-01,46.84725050916497
939,11213,2020-02-01,73.43061674008811
940,11213,2020-03-01,71.66519434628975
941,11213,2020-04-01,588.5280898876405
942,11213,2020-05-01,1729.24
943,11213,2020-06-01,2012.560975609756
944,11213,2020-07-01,2855.0
945,11213,2020-08-01,799.6
946,11213,2020-09-01,4554.333333333333
947,11214,2020-01-01,24.41812865497076
948,11214,2020-02-01,40.62906137184115
949,11214,2020-03-01,53.51267375306623
950,11214,2020-04-01,657.953488372093
951,11214,2020-05-01,1915.8292682926829
952,11214,2020-06-01,2213.214285714286
953,11214,2020-07-01,2573.75
954,11214,2020-08-01,1450.2
955,11214,2020-09-01,2980.6666666666665
956,11215,2020-01-01,37.60770031217482
957,11215,2020-02-01,67.85406698564593
958,11215,2020-03-01,80.77447744774477
959,11215,2020-04-01,766.7368421052631
960,11215,2020-05-01,2148.25
961,11215,2020-06-01,2350.2083333333335
962,11215,2020-07-01,1355.5
963,11215,2020-08-01,1714.3333333333333
964,11215,2020-09-01,169.0
965,11216,2020-01-01,49.53030303030303
966,11216,2020-02-01,93.26932989690722
967,11216,2020-03-01,106.98179611650485
968,11216,2020-04-01,739.3181818181819
969,11216,2020-05-01,1606.8461538461538
970,11216,2020-06-01,2330.5
971,11216,2020-07-01,1901.8333333333333
972,11216,2020-08-01,602.2857142857143
973,11217,2020-01-01,32.98711340206186
974,11217,2020-02-01,65.20298507462687
975,11217,2020-03-01,71.17123287671232
976,11217,2020-04-01,861.7241379310345
977,11217,2020-05-01,2268.3
978,11217,2020-06-01,2526.0833333333335
979,11217,2020-07-01,1202.8
980,11217,2020-08-01,2087.0
981,11217,2020-09-01,23.0
982,11218,2020-01-01,42.37655601659751
983,11218,2020-02-01,63.85526315789474
984,11218,2020-03-01,84.08840864440079
985,11218,2020-04-01,745.0847457627119
986,11218,2020-05-01,2244.5
987,11218,2020-06-01,2110.96
988,11218,2020-07-01,1207.5
989,11218,2020-08-01,1344.0
990,11218,2020-09-01,95.0
991,11219,2020-01-01,44.7590799031477
992,11219,2020-02-01,64.86410635155096
993,11219,2020-03-01,99.74060606060605
994,11219,2020-04-01,795.9636363636364
995,11219,2020-05-01,2059.0625
996,11219,2020-06-01,2182.375
997,11219,2020-07-01,2375.3333333333335
998,11219,2020-08-01,53.7
999,11219,2020-09-01,5605.0
1000,11220,2020-01-01,30.14541832669323
1001,11220,2020-02-01,63.55367231638418
1002,11220,2020-03-01,69.84481175390266
1003,11220,2020-04-01,920.9069767441861
1004,11220,2020-05-01,1775.4634146341464
1005,11220,2020-06-01,2078.0
1006,11220,2020-08-01,1122.7142857142858
1007,11220,2020-09-01,25.0
1008,11221,2020-01-01,39.16565349544073
1009,11221,2020-02-01,70.57744107744108
1010,11221,2020-03-01,81.61049519586105
1011,11221,2020-04-01,690.1294117647059
1012,11221,2020-05-01,2100.95
1013,11221,2020-06-01,2306.0
1014,11221,2020-07-01,1858.5714285714287
1015,11221,2020-08-01,1417.111111111111
1016,11221,2020-09-01,14.0
1017,11222,2020-01-01,46.76005961251863
1018,11222,2020-02-01,67.44869831546707
1019,11222,2020-03-01,99.68689655172413
1020,11222,2020-04-01,670.3239436619718
1021,11222,2020-05-01,1872.4
1022,11222,2020-06-01,2066.2105263157896
1023,11222,2020-07-01,2829.4
1024,11222,2020-08-01,41.0
1025,11222,2020-09-01,4491.0
1026,11223,2020-01-01,35.25262154432793
1027,11223,2020-02-01,52.01516683518706
1028,11223,2020-03-01,81.22374877330716
1029,11223,2020-04-01,725.8823529411765
1030,11223,2020-05-01,1929.3103448275863
1031,11223,2020-06-01,2456.733333333333
1032,11223,2020-07-01,2257.75
1033,11223,2020-08-01,0.0
1034,11223,2020-09-01,156.0
1035,11224,2020-01-01,47.65714285714286
1036,11224,2020-02-01,48.056338028169016
1037,11224,2020-03-01,62.12534059945504
1038,11224,2020-04-01,603.7333333333333
1039,11224,2020-05-01,1715.9
1040,11224,2020-06-01,2598.0
1041,11224,2020-07-01,991.3333333333334
1042,11224,2020-08-01,1050.5
1043,11225,2020-01-01,37.03202134756504
1044,11225,2020-02-01,76.74832535885167
1045,11225,2020-03-01,71.43788343558282
1046,11225,2020-04-01,581.1975308641976
1047,11225,2020-05-01,1902.8285714285714
1048,11225,2020-06-01,1963.2413793103449
1049,11225,2020-07-01,2240.4285714285716
1050,11225,2020-08-01,63.666666666666664
1051,11225,2020-09-01,33.0
1052,11226,2020-01-01,44.13140537798072
1053,11226,2020-02-01,76.78077126254622
1054,11226,2020-03-01,67.41645021645022
1055,11226,2020-04-01,440.5321100917431
1056,11226,2020-05-01,1906.94
1057,11226,2020-06-01,2166.754716981132
1058,11226,2020-07-01,1938.388888888889
1059,11226,2020-08-01,547.7222222222222
1060,11226,2020-09-01,2676.0
1061,11228,2020-01-01,25.609848484848484
1062,11228,2020-02-01,60.25550660792952
1063,11228,2020-03-01,104.728
1064,11228,2020-04-01,826.8484848484849
1065,11228,2020-05-01,2042.090909090909
1066,11228,2020-06-01,2289.3333333333335
1067,11228,2020-07-01,2534.1666666666665
1068,11228,2020-08-01,183.0
1069,11229,2020-01-01,45.25508982035928
1070,11229,2020-02-01,67.20430107526882
1071,11229,2020-03-01,76.35390946502058
1072,11229,2020-04-01,750.1904761904761
1073,11229,2020-05-01,1932.7894736842106
1074,11229,2020-06-01,2252.9375
1075,11229,2020-07-01,2944.85
1076,11229,2020-08-01,1024.4
1077,11229,2020-09-01,43.5
1078,11230,2020-01-01,43.813475760065735
1079,11230,2020-02-01,60.08188153310105
1080,11230,2020-03-01,80.47423510466989
1081,11230,2020-04-01,583.6666666666666
1082,11230,2020-05-01,2061.5882352941176
1083,11230,2020-06-01,2023.421052631579
1084,11230,2020-07-01,1742.8
1085,11230,2020-08-01,3791.0
1086,11230,2020-09-01,2866.0
1087,11231,2020-01-01,43.949392712550605
1088,11231,2020-02-01,66.43990929705215
1089,11231,2020-03-01,66.49367088607595
1090,11231,2020-04-01,727.8333333333334
1091,11231,2020-05-01,1833.5
1092,11231,2020-06-01,2575.3076923076924
1093,11231,2020-07-01,2381.75
1094,11231,2020-08-01,63.25
1095,11231,2020-09-01,102.0
1096,11232,2020-01-01,37.72365805168986
1097,11232,2020-02-01,69.83962264150944
1098,11232,2020-03-01,78.23502304147465
1099,11232,2020-04-01,541.0689655172414
1100,11232,2020-05-01,1849.125
1101,11232,2020-06-01,2176.5
1102,11232,2020-07-01,3404.0
1103,11232,2020-08-01,1751.3333333333333
1104,11233,2020-01-01,47.19712525667351
1105,11233,2020-02-01,80.04606741573033
1106,11233,2020-03-01,91.6109589041096
1107,11233,2020-04-01,814.5
1108,11233,2020-05-01,1725.857142857143
1109,11233,2020-06-01,2092.1555555555556
1110,11233,2020-07-01,1888.5555555555557
1111,11233,2020-08-01,398.1818181818182
1112,11233,2020-09-01,2330.5
1113,11234,2020-01-01,100.544
1114,11234,2020-02-01,230.1740157480315
1115,11234,2020-03-01,119.44702842377261
1116,11234,2020-04-01,756.0655737704918
1117,11234,2020-05-01,1813.9655172413793
1118,11234,2020-06-01,2340.875
1119,11234,2020-07-01,514.3636363636364
1120,11234,2020-08-01,642.7333333333333
1121,11234,2020-09-01,1257.7142857142858
1122,11235,2020-01-01,43.07429718875502
1123,11235,2020-02-01,66.88782816229117
1124,11235,2020-03-01,78.18697674418604
1125,11235,2020-04-01,667.8552631578947
1126,11235,2020-05-01,1997.7931034482758
1127,11235,2020-06-01,2020.0
1128,11235,2020-07-01,3067.875
1129,11235,2020-08-01,2295.4
1130,11235,2020-09-01,33.0
1131,11236,2020-01-01,45.95740365111562
1132,11236,2020-02-01,62.891304347826086
1133,11236,2020-03-01,87.46292372881356
1134,11236,2020-04-01,777.171875
1135,11236,2020-05-01,2100.3333333333335
1136,11236,2020-06-01,2382.0384615384614
1137,11236,2020-07-01,554.6
1138,11236,2020-08-01,733.0
1139,11236,2020-09-01,368.8
1140,11237,2020-01-01,49.57542579075426
1141,11237,2020-02-01,95.23536439665472
1142,11237,2020-03-01,91.93233830845772
1143,11237,2020-04-01,972.0813953488372
1144,11237,2020-05-01,1811.2894736842106
1145,11237,2020-06-01,2171.65625
1146,11237,2020-07-01,1519.4444444444443
1147,11237,2020-08-01,306.0
1148,11237,2020-09-01,5504.0
1149,11238,2020-01-01,39.237539766702014
1150,11238,2020-02-01,52.94568380213385
1151,11238,2020-03-01,72.6268656716418
1152,11238,2020-04-01,554.6896551724138
1153,11238,2020-05-01,1818.3958333333333
1154,11238,2020-06-01,2282.0526315789475
1155,11238,2020-07-01,2053.2
1156,11238,2020-08-01,77.0
1157,11238,2020-09-01,4841.0
1158,11239,2020-01-01,53.544117647058826
1159,11239,2020-02-01,77.81188118811882
1160,11239,2020-03-01,37.130434782608695
1161,11239,2020-04-01,706.125
1162,11239,2020-05-01,2191.25
1163,11239,2020-06-01,2082.0
1164,11239,2020-08-01,40.0
1165,11241,2020-03-01,17.833333333333332
1166,11241,2020-04-01,27.0
1167,11242,2020-01-01,21.0
1168,11242,2020-02-01,24.0
1169,11242,2020-06-01,2275.0
1170,11249,2020-01-01,36.1283950617284
1171,11249,2020-02-01,78.04325699745547
1172,11249,2020-03-01,78.6728778467909
1173,11249,2020-04-01,675.34375
1174,11249,2020-05-01,1928.888888888889
1175,11249,2020-06-01,2257.0
1176,11249,2020-07-01,2889.5
1177,11249,2020-08-01,2406.6666666666665
1178,11249,2020-09-01,5398.0
1179,11251,2020-02-01,3.0
1180,11251,2020-03-01,1.0
1181,11354,2020-01-01,40.52019386106623
1182,11354,2020-02-01,69.98807495741056
1183,11354,2020-03-01,69.81281618887016
1184,11354,2020-04-01,679.1090909090909
1185,11354,2020-05-01,1794.0
1186,11354,2020-06-01,2553.090909090909
1187,11354,2020-07-01,3631.6666666666665
1188,11354,2020-08-01,4288.0
1189,11354,2020-09-01,2186.2
1190,11355,2020-01-01,39.094928478543565
1191,11355,2020-02-01,58.43166441136671
1192,11355,2020-03-01,82.23753280839895
1193,11355,2020-04-01,661.9318181818181
1194,11355,2020-05-01,2055.521739130435
1195,11355,2020-06-01,2694.6
1196,11355,2020-07-01,2805.0
1197,11355,2020-08-01,2943.3333333333335
1198,11355,2020-09-01,3379.75
1199,11356,2020-01-01,22.83433133732535
1200,11356,2020-02-01,42.46555323590814
1201,11356,2020-03-01,49.27546296296296
1202,11356,2020-04-01,1025.235294117647
1203,11356,2020-05-01,1901.5714285714287
1204,11356,2020-06-01,2389.0
1205,11356,2020-07-01,3358.0
1206,11356,2020-08-01,1078.25
1207,11356,2020-09-01,4495.0
1208,11357,2020-01-01,28.90632318501171
1209,11357,2020-02-01,67.20782396088019
1210,11357,2020-03-01,88.31890660592255
1211,11357,2020-04-01,734.3913043478261
1212,11357,2020-05-01,2028.2666666666667
1213,11357,2020-06-01,2616.0
1214,11357,2020-07-01,3594.6363636363635
1215,11357,2020-08-01,1270.0
1216,11357,2020-09-01,2281.8333333333335
1217,11358,2020-01-01,23.065375302663437
1218,11358,2020-02-01,57.11337868480726
1219,11358,2020-03-01,100.5909090909091
1220,11358,2020-04-01,534.3
1221,11358,2020-05-01,2197.875
1222,11358,2020-06-01,2775.0666666666666
1223,11358,2020-07-01,1875.0
1224,11358,2020-08-01,1961.5
1225,11359,2020-01-01,0.0
1226,11360,2020-01-01,27.015625
1227,11360,2020-02-01,64.8256880733945
1228,11360,2020-03-01,105.93069306930693
1229,11360,2020-04-01,350.8333333333333
1230,11360,2020-05-01,1532.5
1231,11360,2020-06-01,2215.0
1232,11360,2020-07-01,3392.0
1233,11360,2020-08-01,1.0
1234,11361,2020-01-01,40.088235294117645
1235,11361,2020-02-01,78.31372549019608
1236,11361,2020-03-01,69.91818181818182
1237,11361,2020-04-01,1082.25
1238,11361,2020-05-01,2289.6666666666665
1239,11361,2020-06-01,2439.714285714286
1240,11361,2020-07-01,902.0
1241,11361,2020-08-01,4301.0
1242,11361,2020-09-01,4644.0
1243,11362,2020-01-01,47.25657894736842
1244,11362,2020-02-01,99.87323943661971
1245,11362,2020-03-01,81.62411347517731
1246,11362,2020-04-01,913.1739130434783
1247,11362,2020-05-01,2064.5833333333335
1248,11363,2020-01-01,51.25609756097561
1249,11363,2020-02-01,70.8051948051948
1250,11363,2020-03-01,89.32
1251,11363,2020-04-01,646.1034482758621
1252,11363,2020-05-01,1954.25
1253,11363,2020-06-01,1917.125
1254,11363,2020-07-01,3001.0
1255,11363,2020-09-01,4672.5
1256,11364,2020-01-01,47.04430379746835
1257,11364,2020-02-01,71.77695167286245
1258,11364,2020-03-01,109.18359375
1259,11364,2020-04-01,975.85
1260,11364,2020-05-01,1919.4705882352941
1261,11364,2020-06-01,2342.5
1262,11364,2020-07-01,2123.0
1263,11364,2020-08-01,1.0
1264,11364,2020-09-01,531.0
1265,11365,2020-01-01,30.93002257336343
1266,11365,2020-02-01,56.11325301204819
1267,11365,2020-03-01,66.34896810506567
1268,11365,2020-04-01,700.4705882352941
1269,11365,2020-05-01,1760.6153846153845
1270,11365,2020-06-01,2177.6153846153848
1271,11365,2020-08-01,45.0
1272,11366,2020-01-01,13.35990888382688
1273,11366,2020-02-01,24.968553459119498
1274,11366,2020-03-01,30.733333333333334
1275,11366,2020-04-01,631.5263157894736
1276,11366,2020-05-01,1745.4
1277,11366,2020-06-01,1971.25
1278,11366,2020-07-01,4001.0
1279,11366,2020-08-01,4022.0
1280,11366,2020-09-01,111.0
1281,11367,2020-01-01,39.98285714285714
1282,11367,2020-02-01,114.95266272189349
1283,11367,2020-03-01,90.09701492537313
1284,11367,2020-04-01,809.5151515151515
1285,11367,2020-05-01,1747.1764705882354
1286,11367,2020-06-01,2857.0
1287,11367,2020-07-01,1533.0
1288,11367,2020-08-01,1.0
1289,11367,2020-09-01,2963.8333333333335
1290,11368,2020-01-01,23.69727272727273
1291,11368,2020-02-01,49.36914893617021
1292,11368,2020-03-01,60.094835680751174
1293,11368,2020-04-01,568.5892857142857
1294,11368,2020-05-01,2144.032258064516
1295,11368,2020-06-01,2303.8636363636365
1296,11368,2020-07-01,3535.5714285714284
1297,11368,2020-08-01,1110.875
1298,11368,2020-09-01,3886.0
1299,11369,2020-01-01,27.92892156862745
1300,11369,2020-02-01,59.35391923990499
1301,11369,2020-03-01,94.93573264781492
1302,11369,2020-04-01,1229.962962962963
1303,11369,2020-05-01,2148.095238095238
1304,11369,2020-06-01,2499.6
1305,11369,2020-08-01,21.5
1306,11369,2020-09-01,2797.0
1307,11370,2020-01-01,30.00395256916996
1308,11370,2020-02-01,48.406716417910445
1309,11370,2020-03-01,75.53495440729483
1310,11370,2020-04-01,795.4571428571429
1311,11370,2020-05-01,2181.6153846153848
1312,11370,2020-06-01,2581.8
1313,11370,2020-07-01,2886.6666666666665
1314,11370,2020-08-01,19.5
1315,11370,2020-09-01,1912.0
1316,11371,2020-01-01,101.66666666666667
1317,11371,2020-02-01,19.0
1318,11371,2020-03-01,0.0
1319,11372,2020-01-01,39.4271978021978
1320,11372,2020-02-01,66.65728476821192
1321,11372,2020-03-01,75.5089179548157
1322,11372,2020-04-01,914.0425531914893
1323,11372,2020-05-01,1911.9285714285713
1324,11372,2020-06-01,2079.0666666666666
1325,11372,2020-07-01,140.33333333333334
1326,11372,2020-08-01,1516.6666666666667
1327,11372,2020-09-01,1191.5
1328,11373,2020-01-01,32.401996370235935
1329,11373,2020-02-01,57.48912015137181
1330,11373,2020-03-01,74.14617368873603
1331,11373,2020-04-01,395.9891304347826
1332,11373,2020-05-01,2056.0476190476193
1333,11373,2020-06-01,2319.75
1334,11373,2020-07-01,4335.0
1335,11373,2020-08-01,1256.5
1336,11373,2020-09-01,2662.6666666666665
1337,11374,2020-01-01,35.31870229007634
1338,11374,2020-02-01,62.12637362637363
1339,11374,2020-03-01,67.19064124783363
1340,11374,2020-04-01,508.51428571428573
1341,11374,2020-05-01,1725.0714285714287
1342,11374,2020-06-01,2894.6666666666665
1343,11374,2020-07-01,2954.5
1344,11374,2020-08-01,2218.75
1345,11374,2020-09-01,191.0
1346,11375,2020-01-01,46.61834319526627
1347,11375,2020-02-01,75.73882681564245
1348,11375,2020-03-01,89.68716577540107
1349,11375,2020-04-01,665.0454545454545
1350,11375,2020-05-01,2019.952380952381
1351,11375,2020-06-01,2140.6923076923076
1352,11375,2020-07-01,3955.0
1353,11375,2020-08-01,2583.6
1354,11375,2020-09-01,1329.5
1355,11377,2020-01-01,31.342429577464788
1356,11377,2020-02-01,66.60991379310344
1357,11377,2020-03-01,75.43078626799557
1358,11377,2020-04-01,870.2857142857143
1359,11377,2020-05-01,2048.3333333333335
1360,11377,2020-06-01,2339.8333333333335
1361,11377,2020-07-01,2294.0
1362,11377,2020-08-01,546.75
1363,11377,2020-09-01,4427.666666666667
1364,11378,2020-01-01,16.833939393939392
1365,11378,2020-02-01,48.16753246753247
1366,11378,2020-03-01,57.55707762557078
1367,11378,2020-04-01,767.1944444444445
1368,11378,2020-05-01,2197.909090909091
1369,11378,2020-06-01,2597.2727272727275
1370,11378,2020-07-01,1.5
1371,11378,2020-08-01,1473.6666666666667
1372,11378,2020-09-01,3086.0
1373,11379,2020-01-01,24.052013422818792
1374,11379,2020-02-01,52.26844262295082
1375,11379,2020-03-01,67.55510204081632
1376,11379,2020-04-01,833.0526315789474
1377,11379,2020-05-01,1911.5625
1378,11379,2020-06-01,2862.285714285714
1379,11379,2020-07-01,3105.6666666666665
1380,11379,2020-08-01,365.6363636363636
1381,11379,2020-09-01,2551.5
1382,11385,2020-01-01,28.000418235048098
1383,11385,2020-02-01,46.27003399708597
1384,11385,2020-03-01,54.59738903394256
1385,11385,2020-04-01,572.8524590163935
1386,11385,2020-05-01,2025.344827586207
1387,11385,2020-06-01,2470.2631578947367
1388,11385,2020-07-01,3502.0714285714284
1389,11385,2020-08-01,322.46153846153845
1390,11385,2020-09-01,885.1666666666666
1391,11411,2020-01-01,42.651785714285715
1392,11411,2020-02-01,78.79381443298969
1393,11411,2020-03-01,81.42009132420091
1394,11411,2020-04-01,474.8
1395,11411,2020-05-01,2053.0625
1396,11411,2020-06-01,2506.5
1397,11411,2020-07-01,50.0
1398,11411,2020-08-01,0.0
1399,11411,2020-09-01,21.0
1400,11412,2020-01-01,42.269689737470166
1401,11412,2020-02-01,72.99285714285715
1402,11412,2020-03-01,93.98033707865169
1403,11412,2020-04-01,765.1190476190476
1404,11412,2020-05-01,2213.8
1405,11412,2020-06-01,2105.782608695652
1406,11412,2020-07-01,0.0
1407,11412,2020-08-01,1.6666666666666667
1408,11412,2020-09-01,2108.0
1409,11413,2020-01-01,39.19532908704883
1410,11413,2020-02-01,64.51801801801801
1411,11413,2020-03-01,93.73734939759036
1412,11413,2020-04-01,885.7368421052631
1413,11413,2020-05-01,2068.4615384615386
1414,11413,2020-06-01,2206.5
1415,11413,2020-07-01,24.75
1416,11413,2020-08-01,495.3
1417,11413,2020-09-01,147.0
1418,11414,2020-01-01,32.79611650485437
1419,11414,2020-02-01,79.70564516129032
1420,11414,2020-03-01,67.02822580645162
1421,11414,2020-04-01,848.4516129032259
1422,11414,2020-05-01,2191.6111111111113
1423,11414,2020-06-01,2341.0
1424,11414,2020-08-01,3.0
1425,11415,2020-01-01,38.4969696969697
1426,11415,2020-02-01,83.8130081300813
1427,11415,2020-03-01,91.99674267100977
1428,11415,2020-04-01,267.42857142857144
1429,11415,2020-05-01,1839.5
1430,11415,2020-06-01,2344.6666666666665
1431,11415,2020-07-01,15.0
1432,11415,2020-08-01,37.0
1433,11416,2020-01-01,34.456331877729255
1434,11416,2020-02-01,68.48902821316615
1435,11416,2020-03-01,46.93939393939394
1436,11416,2020-04-01,262.70588235294116
1437,11416,2020-05-01,2188.7894736842104
1438,11416,2020-06-01,2547.2
1439,11416,2020-07-01,0.0
1440,11416,2020-08-01,23.0
1441,11417,2020-01-01,26.807971014492754
1442,11417,2020-02-01,46.757751937984494
1443,11417,2020-03-01,60.47178329571106
1444,11417,2020-04-01,795.1521739130435
1445,11417,2020-05-01,2088.8076923076924
1446,11417,2020-06-01,2289.25
1447,11417,2020-08-01,28.5
1448,11417,2020-09-01,1.0
1449,11418,2020-01-01,39.88565891472868
1450,11418,2020-02-01,87.00392156862745
1451,11418,2020-03-01,59.7221269296741
1452,11418,2020-04-01,835.96
1453,11418,2020-05-01,1891.9411764705883
1454,11418,2020-06-01,3098.8
1455,11418,2020-07-01,2134.0
1456,11418,2020-08-01,3401.5
1457,11419,2020-01-01,27.040735873850196
1458,11419,2020-02-01,44.5437908496732
1459,11419,2020-03-01,45.83940042826553
1460,11419,2020-04-01,973.3148148148148
1461,11419,2020-05-01,2151.28125
1462,11419,2020-06-01,2401.2
1463,11419,2020-07-01,53.5
1464,11419,2020-09-01,2474.0
1465,11420,2020-01-01,24.611694152923537
1466,11420,2020-02-01,48.04738562091503
1467,11420,2020-03-01,60.517450682852804
1468,11420,2020-04-01,1097.7631578947369
1469,11420,2020-05-01,2274.7179487179487
1470,11420,2020-06-01,2398.3
1471,11420,2020-07-01,123.0
1472,11420,2020-08-01,1088.5
1473,11420,2020-09-01,4985.0
1474,11421,2020-01-01,24.105580693815988
1475,11421,2020-02-01,55.36096718480138
1476,11421,2020-03-01,97.33020134228188
1477,11421,2020-04-01,539.2586206896551
1478,11421,2020-05-01,2103.3333333333335
1479,11421,2020-06-01,2339.6666666666665
1480,11421,2020-07-01,61.0
1481,11421,2020-08-01,126.0
1482,11422,2020-01-01,43.67843137254902
1483,11422,2020-02-01,65.956
1484,11422,2020-03-01,76.14814814814815
1485,11422,2020-04-01,813.1176470588235
1486,11422,2020-05-01,2082.5882352941176
1487,11422,2020-06-01,2656.75
1488,11422,2020-07-01,68.0
1489,11422,2020-08-01,53.25
1490,11423,2020-01-01,28.112852664576803
1491,11423,2020-02-01,71.73684210526316
1492,11423,2020-03-01,86.19407894736842
1493,11423,2020-04-01,960.5263157894736
1494,11423,2020-05-01,2307.230769230769
1495,11423,2020-06-01,2209.0
1496,11423,2020-07-01,170.5
1497,11423,2020-08-01,855.8
1498,11423,2020-09-01,5628.0
1499,11426,2020-01-01,38.70945945945946
1500,11426,2020-02-01,86.39855072463769
1501,11426,2020-03-01,115.2840909090909
1502,11426,2020-04-01,977.125
1503,11426,2020-05-01,2225.470588235294
1504,11426,2020-06-01,2715.0
1505,11426,2020-07-01,2687.0
1506,11426,2020-08-01,1.0
1507,11427,2020-01-01,46.33969465648855
1508,11427,2020-02-01,81.58823529411765
1509,11427,2020-03-01,102.05670103092784
1510,11427,2020-04-01,1200.967741935484
1511,11427,2020-05-01,1923.3333333333333
1512,11427,2020-06-01,2949.4
1513,11427,2020-07-01,45.0
1514,11427,2020-08-01,0.0
1515,11428,2020-01-01,28.754807692307693
1516,11428,2020-02-01,51.947976878612714
1517,11428,2020-03-01,49.91743119266055
1518,11428,2020-04-01,499.85714285714283
1519,11428,2020-05-01,2225.842105263158
1520,11428,2020-06-01,2926.25
1521,11428,2020-07-01,1.0
1522,11428,2020-08-01,9.5
1523,11429,2020-01-01,38.29818181818182
1524,11429,2020-02-01,85.94849785407726
1525,11429,2020-03-01,62.73568281938326
1526,11429,2020-04-01,784.8181818181819
1527,11429,2020-05-01,2420.0
1528,11429,2020-06-01,2622.0
1529,11429,2020-07-01,24.0
1530,11429,2020-08-01,29.8
1531,11429,2020-09-01,2238.5
1532,11430,2020-01-01,40.669642857142854
1533,11430,2020-02-01,299.67619047619047
1534,11430,2020-03-01,539.5957446808511
1535,11430,2020-04-01,1522.2264150943397
1536,11430,2020-05-01,2058.34375
1537,11430,2020-06-01,2353.2380952380954
1538,11432,2020-01-01,38.439894319682956
1539,11432,2020-02-01,68.7994011976048
1540,11432,2020-03-01,89.50537634408602
1541,11432,2020-04-01,729.375
1542,11432,2020-05-01,1950.4285714285713
1543,11432,2020-06-01,2288.2
1544,11432,2020-07-01,1.0
1545,11432,2020-08-01,1982.5
1546,11432,2020-09-01,2016.6
1547,11433,2020-01-01,32.788187372708755
1548,11433,2020-02-01,50.30019880715706
1549,11433,2020-03-01,65.35347985347985
1550,11433,2020-04-01,782.3030303030303
1551,11433,2020-05-01,2313.4545454545455
1552,11433,2020-06-01,2264.909090909091
1553,11433,2020-07-01,1592.0
1554,11433,2020-08-01,15.0
1555,11433,2020-09-01,587.0
1556,11434,2020-01-01,35.72402597402598
1557,11434,2020-02-01,81.3868378812199
1558,11434,2020-03-01,84.44600280504909
1559,11434,2020-04-01,690.887323943662
1560,11434,2020-05-01,2047.3703703703704
1561,11434,2020-06-01,2354.375
1562,11434,2020-07-01,1270.3333333333333
1563,11434,2020-08-01,493.75
1564,11434,2020-09-01,4352.5
1565,11435,2020-01-01,38.249303621169915
1566,11435,2020-02-01,57.92992700729927
1567,11435,2020-03-01,89.34893617021277
1568,11435,2020-04-01,684.0769230769231
1569,11435,2020-05-01,2008.6923076923076
1570,11435,2020-06-01,2367.9473684210525
1571,11435,2020-07-01,1895.5
1572,11435,2020-08-01,2137.5
1573,11435,2020-09-01,1142.5
1574,11436,2020-01-01,37.78846153846154
1575,11436,2020-02-01,58.946768060836504
1576,11436,2020-03-01,58.650190114068444
1577,11436,2020-04-01,1112.5454545454545
1578,11436,2020-05-01,1905.0
1579,11436,2020-06-01,2413.1666666666665
1580,11436,2020-07-01,0.0
1581,11436,2020-09-01,2445.5
1582,11691,2020-01-01,42.79968454258675
1583,11691,2020-02-01,75.54266211604096
1584,11691,2020-03-01,108.4304932735426
1585,11691,2020-04-01,689.843137254902
1586,11691,2020-05-01,1903.3076923076924
1587,11691,2020-06-01,2361.04
1588,11691,2020-07-01,2066.2
1589,11691,2020-08-01,41.5
1590,11691,2020-09-01,4412.0
1591,11692,2020-01-01,39.32967032967033
1592,11692,2020-02-01,75.31468531468532
1593,11692,2020-03-01,91.33854166666667
1594,11692,2020-04-01,627.5833333333334
1595,11692,2020-05-01,1826.75
1596,11692,2020-06-01,1989.3333333333333
1597,11692,2020-07-01,0.0
1598,11692,2020-08-01,775.5
1599,11692,2020-09-01,4328.0
1600,11693,2020-01-01,54.67768595041322
1601,11693,2020-02-01,51.666666666666664
1602,11693,2020-03-01,50.963855421686745
1603,11693,2020-04-01,763.5
1604,11693,2020-05-01,1481.0
1605,11693,2020-06-01,2322.0
1606,11693,2020-07-01,0.0
1607,11693,2020-08-01,4290.5
1608,11693,2020-09-01,4414.0
1609,11694,2020-01-01,41.25691699604743
1610,11694,2020-02-01,112.07692307692308
1611,11694,2020-03-01,117.71559633027523
1612,11694,2020-04-01,1070.6
1613,11694,2020-05-01,1845.6
1614,11694,2020-06-01,2407.0
1615,11694,2020-07-01,0.5
1616,11694,2020-08-01,52.2
1617,11695,2020-01-01,22.0
1618,11697,2020-01-01,230.5
1619,11697,2020-02-01,449.0
1620,11697,2020-03-01,23.0
1621,12345,2020-01-01,1.6666666666666667
1622,12345,2020-02-01,18.2
1623,12345,2020-03-01,5.0
